Census year,Block ID,Property ID,Base property ID,CLUE small area,Trading name,Industry (ANZSIC4) code,Industry (ANZSIC4) description,x coordinate,y coordinate,Location
2018,72,106023,106023,Melbourne (CBD),Angela Torcasio,6931,Legal Services,144.9555651,-37.81329563,"(-37.81329563, 144.9555651)"
2018,48,103625,103625,Melbourne (CBD),Firm Finance,6419,Other Auxiliary Finance and Investment Services,144.9712459,-37.81268556,"(-37.81268556, 144.9712459)"
2018,922,104198,104198,Parkville,The Royal Children's Hostipal Foundation,8512,Specialist Medical Services,144.9516995,-37.79653566,"(-37.79653566, 144.9516995)"
2018,336,102430,102430,North Melbourne,Vacant,0,Vacant Space,144.9432796,-37.8015566,"(-37.8015566, 144.9432796)"
2018,225,108237,108237,Carlton,Cursio Group,6419,Other Auxiliary Finance and Investment Services,144.9710859,-37.79578991,"(-37.79578991, 144.9710859)"
2018,46,105964,105964,Melbourne (CBD),Little Temperance,4512,Takeaway Food Services,144.9675812,-37.81390784,"(-37.81390784, 144.9675812)"
2018,346,103422,103422,North Melbourne,Vacant,0,Vacant Space,144.9494302,-37.8027158,"(-37.8027158, 144.9494302)"
2018,781,110551,110551,Port Melbourne,Vacant,0,Vacant Space,144.9253861,-37.82302799,"(-37.82302799, 144.9253861)"
2018,77,105753,105755,Melbourne (CBD),Vacant,0,Vacant Space,144.9681695,-37.80994367,"(-37.80994367, 144.9681695)"
2018,255,108030,108030,Carlton,Real Diamond,6711,Residential Property Operators,144.9638675,-37.80433096,"(-37.80433096, 144.9638675)"
2018,28,102062,102060,Melbourne (CBD),Vacant,0,Vacant Space,144.9726256,-37.81430518,"(-37.81430518, 144.9726256)"
2018,646,100351,100351,East Melbourne,Marriage Tribunal,9540,Religious Services,144.9779344,-37.8095016,"(-37.8095016, 144.9779344)"
2018,263,107873,107873,Carlton,Australian Manfacturing Workers Union,9552,Labour Association Services,144.9606975,-37.80460824,"(-37.80460824, 144.9606975)"
2018,113,110679,108118,Melbourne (CBD),Vacant,0,Vacant Space,144.9576703,-37.80762482,"(-37.80762482, 144.9576703)"
2018,11,103957,103957,Melbourne (CBD),Set Metrics,7000,Computer System Design and Related Services,144.9566569,-37.81987545,"(-37.81987545, 144.9566569)"
2018,13,103954,103954,Melbourne (CBD),Off The Hip Records,4242,Entertainment Media Retailing,144.9613891,-37.81825093,"(-37.81825093, 144.9613891)"
2018,247,106237,106237,Carlton,Forza Italia,4279,Other Store-Based Retailing n.e.c.,144.9671428,-37.80218764,"(-37.80218764, 144.9671428)"
2018,15,103939,103939,Melbourne (CBD),Best & Less Travel,7220,Travel Agency and Tour Arrangement Services,144.9664253,-37.81682369,"(-37.81682369, 144.9664253)"
2018,47,602997,103597,Melbourne (CBD),In A Rush,4511,Cafes and Restaurants,144.9701103,-37.81281419,"(-37.81281419, 144.9701103)"
2018,35,109271,109271,Melbourne (CBD),Australian Study & Migration Services,9539,Other Personal Services n.e.c.,144.9658025,-37.81472249,"(-37.81472249, 144.9658025)"
2018,25,102079,102079,Melbourne (CBD),Australian Boullion Company,3732,Jewellery and Watch Wholesaling,144.9663301,-37.81584039,"(-37.81584039, 144.9663301)"
2018,32,102115,102115,Melbourne (CBD),Victorian Electoral Commission,7520,State Government Administration,144.9568113,-37.81768553,"(-37.81768553, 144.9568113)"
2018,655,109976,109976,East Melbourne,Jolimont Endoscopy,8512,Specialist Medical Services,144.9784174,-37.81674742,"(-37.81674742, 144.9784174)"
2018,73,559301,559301,Melbourne (CBD),Barristers Chambers Limited,6931,Legal Services,144.9583508,-37.81305275,"(-37.81305275, 144.9583508)"
2018,1108,622439,622439,Docklands,CIS,6962,Management Advice and Other Consulting Services,144.9450194,-37.82100718,"(-37.82100718, 144.9450194)"
2018,25,101788,101788,Melbourne (CBD),Cafe Vicolino,4511,Cafes and Restaurants,144.9654744,-37.81664476,"(-37.81664476, 144.9654744)"
2018,781,110551,110551,Port Melbourne,Toombak,5511,Motion Picture and Video Production,144.9253861,-37.82302799,"(-37.82302799, 144.9253861)"
2018,753,110606,110380,Southbank,Bluetrain,4511,Cafes and Restaurants,144.9663043,-37.82071819,"(-37.82071819, 144.9663043)"
2018,737,110406,110406,Southbank,Monash University Department of Forensic Medicine,8102,Higher Education,144.9647626,-37.82469709,"(-37.82469709, 144.9647626)"
2018,931,103908,103908,Parkville,Parkville Cafe,4511,Cafes and Restaurants,144.9495226,-37.7938185,"(-37.7938185, 144.9495226)"
2018,48,105969,105969,Melbourne (CBD),Red Spot Car Rentals,6611,Passenger Car Rental and Hiring,144.9719461,-37.81237405,"(-37.81237405, 144.9719461)"
2018,1,108843,108843,Melbourne (CBD),Vacant,0,Vacant Space,144.9575337,-37.82111358,"(-37.82111358, 144.9575337)"
2018,85,105746,105746,Melbourne (CBD),Ottoman 3 Brow Bar,9511,Hairdressing and Beauty Services,144.9627564,-37.81090175,"(-37.81090175, 144.9627564)"
2018,45,105960,105960,Melbourne (CBD),Moonshine Studio,4512,Takeaway Food Services,144.9640096,-37.81488401,"(-37.81488401, 144.9640096)"
2018,34,110670,110670,Melbourne (CBD),Dinan Moore Pty Ltd,7211,Employment Placement and Recruitment Services,144.9628116,-37.81582291,"(-37.81582291, 144.9628116)"
2018,57,101219,101219,Melbourne (CBD),Wexcharge,6419,Other Auxiliary Finance and Investment Services,144.9701235,-37.81176811,"(-37.81176811, 144.9701235)"
2018,91,105464,105464,West Melbourne (Residential),Computer Troubleshooters,9422,Electronic (except Domestic Appliance) and Precision Equipment Repair and Maint,144.9515889,-37.81287865,"(-37.81287865, 144.9515889)"
2018,644,106917,106917,East Melbourne,The Institute of Patent and Trade Mark Attourneys of Australia,6931,Legal Services,144.9735217,-37.80899048,"(-37.80899048, 144.9735217)"
2018,113,110684,108118,Melbourne (CBD),Viva La Calavera,4310,Non-Store Retailing,144.9576703,-37.80762482,"(-37.80762482, 144.9576703)"
2018,56,101199,101199,Melbourne (CBD),Property Industry Foundation,8790,Other Social Assistance Services,144.9658492,-37.81288669,"(-37.81288669, 144.9658492)"
2018,27,102067,102067,Melbourne (CBD),Guardian Early Learning Centre Collins St,8710,Child Care Services,144.9708136,-37.81489298,"(-37.81489298, 144.9708136)"
2018,85,105746,105746,Melbourne (CBD),Jacqui E,4255,Women's Clothing Retailing,144.9627564,-37.81090175,"(-37.81090175, 144.9627564)"
2018,68,103620,103620,Melbourne (CBD),Polycom Australia Pty Ltd,6020,Other Information Services,144.9704817,-37.8105002,"(-37.8105002, 144.9704817)"
2018,15,104011,104011,Melbourne (CBD),Little Cupcakes,1174,Bakery Product Manufacturing (Non-factory based),144.9659971,-37.81752063,"(-37.81752063, 144.9659971)"
2018,309,109160,109160,North Melbourne,Vacant,0,Vacant Space,144.9383111,-37.79589529,"(-37.79589529, 144.9383111)"
2018,1110,620309,593737,Docklands,Ed Harry,4254,Men's Clothing Retailing,144.9378512,-37.81316939,"(-37.81316939, 144.9378512)"
2018,53,101182,101182,Melbourne (CBD),Aquent Executive Search / Vitan T,7211,Employment Placement and Recruitment Services,144.9599619,-37.81483411,"(-37.81483411, 144.9599619)"
2018,1108,674535,632511,Docklands,Vacant,0,Vacant Space,144.9423764,-37.82059733,"(-37.82059733, 144.9423764)"
2018,218,102682,102682,Carlton,Contour Consultants,6921,Architectural Services,144.9683947,-37.7992345,"(-37.7992345, 144.9683947)"
2018,207,106154,106154,Carlton,Vacant,0,Vacant Space,144.9672312,-37.79734792,"(-37.79734792, 144.9672312)"
2018,47,102194,102194,Melbourne (CBD),Melbourne Times Square Pty Ltd,9499,Other Repair and Maintenance n.e.c.,144.9690311,-37.81316144,"(-37.81316144, 144.9690311)"
2018,13,110151,110151,Melbourne (CBD),People Plus,7211,Employment Placement and Recruitment Services,144.9599652,-37.81877685,"(-37.81877685, 144.9599652)"
2018,1109,601815,601815,Docklands,Gordian Global Solutions Pty Ltd,6962,Management Advice and Other Consulting Services,144.9401958,-37.8142881,"(-37.8142881, 144.9401958)"
2018,906,108505,108505,Parkville,STS Financial Services,6932,Accounting Services,144.958563,-37.78492857,"(-37.78492857, 144.958563)"
2018,2540,617955,617955,Kensington,Amos Cars Australia Pty Ltd,5299,Other Transport Support Services n.e.c.,144.935696,-37.79223084,"(-37.79223084, 144.935696)"
2018,27,103596,103596,Melbourne (CBD),PLP Building & Surveyors & Consultants,6923,Engineering Design and Engineering Consulting Services,144.97131,-37.81460231,"(-37.81460231, 144.97131)"
2018,34,110670,110670,Melbourne (CBD),Vacant,0,Vacant Space,144.9628116,-37.81582291,"(-37.81582291, 144.9628116)"
2018,35,109271,109271,Melbourne (CBD),Mr Nicholas Barkolias,2591,Jewellery and Silverware Manufacturing,144.9658025,-37.81472249,"(-37.81472249, 144.9658025)"
2018,366,105028,105028,North Melbourne,YHA Melbourne Metro,4400,Accommodation,144.9544962,-37.80304805,"(-37.80304805, 144.9544962)"
2018,53,108072,108072,Melbourne (CBD),Money Saver Finance,6419,Other Auxiliary Finance and Investment Services,144.9602242,-37.81467981,"(-37.81467981, 144.9602242)"
2018,920,104437,104437,Parkville,Prof Richard Mark Fox /Dr Anita Skandarajah,8512,Specialist Medical Services,144.95562,-37.79863148,"(-37.79863148, 144.95562)"
2018,54,108145,108145,Melbourne (CBD),Henley Club,9559,Other Interest Group Services n.e.c.,144.9621275,-37.81387544,"(-37.81387544, 144.9621275)"
2018,44,597186,101146,Melbourne (CBD),Vacant,0,Vacant Space,144.9629215,-37.8149247,"(-37.8149247, 144.9629215)"
2018,753,110381,110380,Southbank,Celgene,1841,Human Pharmaceutical and Medicinal Product Manufacturing,144.9663043,-37.82071819,"(-37.82071819, 144.9663043)"
2018,28,102063,102060,Melbourne (CBD),Kenzan Japanese Restaurant,4511,Cafes and Restaurants,144.9726256,-37.81430518,"(-37.81430518, 144.9726256)"
2018,614,104534,104534,East Melbourne,Melbourne Unitarian Peace Memorial Church,9540,Religious Services,144.9847188,-37.81138632,"(-37.81138632, 144.9847188)"
2018,1110,620308,593737,Docklands,Vacant,0,Vacant Space,144.9378512,-37.81316939,"(-37.81316939, 144.9378512)"
2018,95,103305,103305,Melbourne (CBD),Vacant,0,Vacant Space,144.9614227,-37.80952989,"(-37.80952989, 144.9614227)"
2018,54,108107,108107,Melbourne (CBD),M-View,5420,Software Publishing,144.9607562,-37.81446622,"(-37.81446622, 144.9607562)"
2018,82,105371,105371,Melbourne (CBD),Vacant,0,Vacant Space,144.9543144,-37.81270041,"(-37.81270041, 144.9543144)"
2018,57,101213,101213,Melbourne (CBD),Glass's Information Services Pty Ltd,5922,Electronic Information Storage Services,144.9688386,-37.81200027,"(-37.81200027, 144.9688386)"
2018,67,105678,105678,Melbourne (CBD),Vacant,0,Vacant Space,144.9686753,-37.81072965,"(-37.81072965, 144.9686753)"
2018,45,109279,109279,Melbourne (CBD),7-Eleven,4111,Convenience Store,144.9655828,-37.81407729,"(-37.81407729, 144.9655828)"
2018,25,102079,102079,Melbourne (CBD),Diamondline Jewellery Designs Pty Ltd,2591,Jewellery and Silverware Manufacturing,144.9663301,-37.81584039,"(-37.81584039, 144.9663301)"
2018,15,103326,103326,Melbourne (CBD),Emerald Group Publishing,5412,Magazine and Other Periodical Publishing,144.9649355,-37.81718671,"(-37.81718671, 144.9649355)"
2018,24,102092,102092,Melbourne (CBD),Vacant,0,Vacant Space,144.9624425,-37.81728274,"(-37.81728274, 144.9624425)"
2018,23,108062,108062,Melbourne (CBD),Mywave,7000,Computer System Design and Related Services,144.961614,-37.81773827,"(-37.81773827, 144.961614)"
2018,52,111282,636824,Melbourne (CBD),Bourke and Willis,4511,Cafes and Restaurants,144.9573905,-37.81531894,"(-37.81531894, 144.9573905)"
2018,47,625840,103597,Melbourne (CBD),Kenzo,4251,Clothing Retailing,144.9701103,-37.81281419,"(-37.81281419, 144.9701103)"
2018,2524,616022,616022,Kensington,The Premises Espresso,4511,Cafes and Restaurants,144.9301791,-37.79426081,"(-37.79426081, 144.9301791)"
2018,27,102067,102067,Melbourne (CBD),Vacant,0,Vacant Space,144.9708136,-37.81489298,"(-37.81489298, 144.9708136)"
2018,95,105487,105487,Melbourne (CBD),InJoy Cyber Cafe / Royal Tea,5910,Internet Service Providers and Web Search Portals,144.9630183,-37.80958757,"(-37.80958757, 144.9630183)"
2018,33,105938,105938,Melbourne (CBD),We Love U Dry Cleaners and Alterations,9531,Laundry and Dry-Cleaning Services,144.9595498,-37.81660736,"(-37.81660736, 144.9595498)"
2018,13,108060,108060,Melbourne (CBD),Defence Bank Limited,6221,Banking,144.9617791,-37.81822672,"(-37.81822672, 144.9617791)"
2018,34,103177,103177,Melbourne (CBD),Vacant,0,Vacant Space,144.9634518,-37.81582214,"(-37.81582214, 144.9634518)"
2018,651,107430,107430,East Melbourne,Mr Tod,4511,Cafes and Restaurants,144.9757455,-37.81162279,"(-37.81162279, 144.9757455)"
2018,615,611568,102007,East Melbourne,Dr Annabel Tuckfield,8512,Specialist Medical Services,144.9841787,-37.81228396,"(-37.81228396, 144.9841787)"
2018,24,102093,102093,Melbourne (CBD),Vacant,0,Vacant Space,144.962001,-37.81715744,"(-37.81715744, 144.962001)"
2018,1101,110843,110843,Docklands,Tarocash,4251,Clothing Retailing,144.9505641,-37.81448171,"(-37.81448171, 144.9505641)"
2018,742,111297,111297,Southbank,8 On Miles,4511,Cafes and Restaurants,144.968011,-37.82843444,"(-37.82843444, 144.968011)"
2018,4,104034,104034,Melbourne (CBD),Vacant,0,Vacant Space,144.9652801,-37.81868178,"(-37.81868178, 144.9652801)"
2018,48,503031,503031,Melbourne (CBD),Fitline Pro,9111,Health and Fitness Centres and Gymnasia Operation,144.972108,-37.81215229,"(-37.81215229, 144.972108)"
2018,35,105927,105927,Melbourne (CBD),Melbourne Combined Natural Therapies Pty Ltd,8537,Alternative Health Services,144.9643416,-37.81516176,"(-37.81516176, 144.9643416)"
2018,724,108649,108649,Melbourne (Remainder),Monash University - Michael Kurley Centre,8102,Higher Education,144.980283,-37.84658908,"(-37.84658908, 144.980283)"
2018,812,110361,110361,Southbank,Sushi Handroll,4512,Takeaway Food Services,144.9651132,-37.82255523,"(-37.82255523, 144.9651132)"
2018,35,102143,102143,Melbourne (CBD),Vacant,0,Vacant Space,144.9648906,-37.81537399,"(-37.81537399, 144.9648906)"
2018,1105,578096,578096,Docklands,Pilates On Bourke,9111,Health and Fitness Centres and Gymnasia Operation,144.950245,-37.8186565,"(-37.8186565, 144.950245)"
2018,34,105929,105929,Melbourne (CBD),B&B Associates,9539,Other Personal Services n.e.c.,144.9633005,-37.81556658,"(-37.81556658, 144.9633005)"
2018,354,109794,109794,North Melbourne,North Melbourne Hotel,4511,Cafes and Restaurants,144.9501455,-37.80496736,"(-37.80496736, 144.9501455)"
2018,114,104092,104092,Melbourne (CBD),Spec Property,3019,Other Residential Building Construction,144.9584926,-37.80850166,"(-37.80850166, 144.9584926)"
2018,270,664662,104468,Parkville,Standing Room,4512,Takeaway Food Services,144.9611833,-37.79688289,"(-37.79688289, 144.9611833)"
2018,33,102126,102126,Melbourne (CBD),Meta PM Pty Ltd,6962,Management Advice and Other Consulting Services,144.960308,-37.81699194,"(-37.81699194, 144.960308)"
2018,22,102101,110661,Melbourne (CBD),Vacant,0,Vacant Space,144.9589234,-37.81821897,"(-37.81821897, 144.9589234)"
2018,1101,110843,110843,Docklands,Spencer Street Pharmacy,4271,"Pharmaceutical, Cosmetic and Toiletry Goods Retailing",144.9505641,-37.81448171,"(-37.81448171, 144.9505641)"
2018,787,640575,640575,Port Melbourne,Vacant,0,Vacant Space,144.9157982,-37.83093009,"(-37.83093009, 144.9157982)"
2018,505,103335,103335,Kensington,Fusion Works Australia,2511,Wooden Furniture and Upholstered Seat Manufacturing,144.9335246,-37.79848324,"(-37.79848324, 144.9335246)"
2018,34,102135,102135,Melbourne (CBD),APA Group,5021,Pipeline Transport,144.9626888,-37.81601818,"(-37.81601818, 144.9626888)"
2018,18,103919,103919,Melbourne (CBD),Cafe Shots Espresso Bar,4511,Cafes and Restaurants,144.9722399,-37.81514516,"(-37.81514516, 144.9722399)"
2018,37,102155,102155,Melbourne (CBD),Alfasi Group Pty Ltd,3011,House Construction,144.9693468,-37.81400035,"(-37.81400035, 144.9693468)"
2018,51,566659,566659,Melbourne (CBD),City Dental Care At Neo 200,8531,Dental Services,144.9532989,-37.81625435,"(-37.81625435, 144.9532989)"
2018,103,621414,621414,Melbourne (CBD),Vacant,0,Vacant Space,144.956605,-37.81017255,"(-37.81017255, 144.956605)"
2018,22,102103,102103,Melbourne (CBD),Merchant Osteria Veneta,4511,Cafes and Restaurants,144.9581174,-37.81853982,"(-37.81853982, 144.9581174)"
2018,38,108982,108982,Melbourne (CBD),Westphalia Investments,6962,Management Advice and Other Consulting Services,144.9731832,-37.81259963,"(-37.81259963, 144.9731832)"
2018,35,105923,105923,Melbourne (CBD),Melko,4255,Women's Clothing Retailing,144.9652255,-37.81507818,"(-37.81507818, 144.9652255)"
2018,931,103908,103908,Parkville,Aruba Espresso Cafe,4511,Cafes and Restaurants,144.9495226,-37.7938185,"(-37.7938185, 144.9495226)"
2018,45,101144,101144,Melbourne (CBD),Habbot,4258,Women's Footwear Retailing,144.9639641,-37.81457615,"(-37.81457615, 144.9639641)"
2018,28,102058,102058,Melbourne (CBD),7 Eleven,4111,Convenience Store,144.9734612,-37.8137936,"(-37.8137936, 144.9734612)"
2018,1110,620311,593737,Docklands,General Pants Co,4251,Clothing Retailing,144.9378512,-37.81316939,"(-37.81316939, 144.9378512)"
2018,63,108079,108079,Melbourne (CBD),Chin Communications Pty Ltd,6999,"Other Professional, Scientific and Technical Services n.e.c.",144.9597518,-37.81355512,"(-37.81355512, 144.9597518)"
2018,613,100363,100363,East Melbourne,Dr Shobha Joseph,8512,Specialist Medical Services,144.9843293,-37.81013639,"(-37.81013639, 144.9843293)"
2018,14,103170,103170,Melbourne (CBD),Smokemart & Gift Box,4279,Other Store-Based Retailing n.e.c.,144.9643926,-37.8175984,"(-37.8175984, 144.9643926)"
2018,17,103925,103925,Melbourne (CBD),Sake Restaurant and Bar,4511,Cafes and Restaurants,144.9705136,-37.81566963,"(-37.81566963, 144.9705136)"
2018,14,104003,104003,Melbourne (CBD),Highwell International,3211,Land Development and Subdivision,144.9627099,-37.81858764,"(-37.81858764, 144.9627099)"
2018,1108,622439,622439,Docklands,Delivery Centric Global Resourcing,7000,Computer System Design and Related Services,144.9450194,-37.82100718,"(-37.82100718, 144.9450194)"
2018,45,105960,105960,Melbourne (CBD),Gerard McCabe,4253,Watch and Jewellery Retailing,144.9640096,-37.81488401,"(-37.81488401, 144.9640096)"
2018,16,110761,110760,Melbourne (CBD),Vacant,0,Vacant Space,144.9676795,-37.81675838,"(-37.81675838, 144.9676795)"
2018,360,109830,109830,North Melbourne,La Porchetta,4511,Cafes and Restaurants,144.9563791,-37.80569684,"(-37.80569684, 144.9563791)"
2018,103,621414,621414,Melbourne (CBD),Vacant,0,Vacant Space,144.956605,-37.81017255,"(-37.81017255, 144.956605)"
2018,746,110450,110437,Southbank,Huawei,2422,Communications Equipment Manufacturing,144.966274,-37.83069486,"(-37.83069486, 144.966274)"
2018,34,102133,102133,Melbourne (CBD),New Century Resources Ltd,990,Other Non-Metallic Mineral Mining and Quarrying,144.962171,-37.81616143,"(-37.81616143, 144.962171)"
2018,539,516734,516734,Kensington,Open Space,0,Vacant Space,144.9173717,-37.79789992,"(-37.79789992, 144.9173717)"
2018,105,104081,104081,Melbourne (CBD),Eckersley's,4272,Stationery Goods Retailing,144.9613369,-37.8082936,"(-37.8082936, 144.9613369)"
2018,509,103334,103334,Kensington,The Facility,9002,"Creative Artists, Musicians, Writers and Performers",144.9321178,-37.79676703,"(-37.79676703, 144.9321178)"
2018,35,102143,102143,Melbourne (CBD),Jo Mercer,4258,Women's Footwear Retailing,144.9648906,-37.81537399,"(-37.81537399, 144.9648906)"
2018,802,110384,110384,Southbank,BMW Melbourne Pty Ltd,3911,Car Retailing,144.9629492,-37.822887,"(-37.822887, 144.9629492)"
2018,64,105701,105701,Melbourne (CBD),Kokos International Pty Ltd,9539,Other Personal Services n.e.c.,144.9617551,-37.81276887,"(-37.81276887, 144.9617551)"
2018,410,105083,105083,West Melbourne (Residential),Vacant,0,Vacant Space,144.942364,-37.80676864,"(-37.80676864, 144.942364)"
2018,94,103218,103218,Melbourne (CBD),I Love This Shop,4279,Other Store-Based Retailing n.e.c.,144.9606404,-37.80955769,"(-37.80955769, 144.9606404)"
2018,207,106151,106151,Carlton,First Choice Fruit & Vegetables,4122,Fruit and Vegetable Retailing,144.9671407,-37.79768686,"(-37.79768686, 144.9671407)"
2018,744,110617,110617,Southbank,Winning International,9539,Other Personal Services n.e.c.,144.9662634,-37.82867473,"(-37.82867473, 144.9662634)"
2018,64,104669,104669,Melbourne (CBD),Vacant,0,Vacant Space,144.9612622,-37.81339479,"(-37.81339479, 144.9612622)"
2018,113,110680,108118,Melbourne (CBD),Vic Market Stalls Shed J,4129,Other Specialised Food Retailing,144.9576703,-37.80762482,"(-37.80762482, 144.9576703)"
2018,435,107486,107486,West Melbourne (Residential),Chef Panda 888,4511,Cafes and Restaurants,144.9555845,-37.80619762,"(-37.80619762, 144.9555845)"
2018,2524,616029,616029,Kensington,Erinbank Crafts & Gifts,4279,Other Store-Based Retailing n.e.c.,144.930057,-37.79410686,"(-37.79410686, 144.930057)"
2018,54,103184,103184,Melbourne (CBD),Tropicana Juice Bar,4511,Cafes and Restaurants,144.962548,-37.81354026,"(-37.81354026, 144.962548)"
2018,96,108559,108559,Melbourne (CBD),Old Melbourne Gaol Crime & Justice Experience,8910,Museum Operation,144.9652507,-37.80782738,"(-37.80782738, 144.9652507)"
2018,377,109599,109599,North Melbourne,The Royal Australian Chemical Institute,9551,Business and Professional Association Services,144.9535424,-37.80000108,"(-37.80000108, 144.9535424)"
2018,265,101581,101581,Carlton,Mr Bello,4512,Takeaway Food Services,144.9642776,-37.80543838,"(-37.80543838, 144.9642776)"
2018,34,102137,102137,Melbourne (CBD),Henry Bucks,4254,Men's Clothing Retailing,144.9633978,-37.81610875,"(-37.81610875, 144.9633978)"
2018,423,109721,109721,West Melbourne (Residential),Three Crowns Hotel,4520,"Pubs, Taverns and Bars",144.9494648,-37.8053963,"(-37.8053963, 144.9494648)"
2018,2534,617954,617954,Kensington,Best Family Day Care Pty Ltd,8710,Child Care Services,144.936226,-37.78990892,"(-37.78990892, 144.936226)"
2018,1109,601809,593728,Docklands,Vacant,0,Vacant Space,144.939206,-37.81524407,"(-37.81524407, 144.939206)"
2018,656,105123,105123,East Melbourne,Vacant,0,Vacant Space,144.9792724,-37.81702233,"(-37.81702233, 144.9792724)"
2018,15,103943,103943,Melbourne (CBD),Seedling Cafe,4512,Takeaway Food Services,144.9654777,-37.81710293,"(-37.81710293, 144.9654777)"
2018,28,102057,102057,Melbourne (CBD),Myxplor Pty Ltd,5420,Software Publishing,144.9737195,-37.81372276,"(-37.81372276, 144.9737195)"
2018,2385,616892,616892,North Melbourne,64 Sutton,4511,Cafes and Restaurants,144.9379816,-37.79162862,"(-37.79162862, 144.9379816)"
2018,45,105961,105961,Melbourne (CBD),Gordons Cafe & Bar,4511,Cafes and Restaurants,144.9643479,-37.81473585,"(-37.81473585, 144.9643479)"
2018,217,106193,106193,Carlton,Banco Group of Companies,3020,Non-Residential Building Construction,144.9681566,-37.7980396,"(-37.7980396, 144.9681566)"
2018,247,102651,102651,Carlton,Ms Jenny Fahey,8539,Other Allied Health Services,144.9677577,-37.802741,"(-37.802741, 144.9677577)"
2018,224,103149,103149,Carlton,Ace Vape,4279,Other Store-Based Retailing n.e.c.,144.9711915,-37.79718511,"(-37.79718511, 144.9711915)"
2018,14,108115,108115,Melbourne (CBD),Wall Street College,8219,"Adult, Community and Other Education n.e.c.",144.96253,-37.81819307,"(-37.81819307, 144.96253)"
2018,35,101097,101097,Melbourne (CBD),Vacant,0,Vacant Space,144.9643901,-37.81526835,"(-37.81526835, 144.9643901)"
2018,268,102768,102768,Carlton,Carlton Pain Management,8512,Specialist Medical Services,144.9680481,-37.80526472,"(-37.80526472, 144.9680481)"
2018,790,570827,570827,Port Melbourne,Workspace Commercial Furniture,3239,Other Building Installation Services,144.9073333,-37.82542109,"(-37.82542109, 144.9073333)"
2018,14,108114,108114,Melbourne (CBD),Australian Agribusiness Group,6419,Other Auxiliary Finance and Investment Services,144.9624375,-37.81798972,"(-37.81798972, 144.9624375)"
2018,1109,601815,601815,Docklands,Fremon Property Group,6720,Real Estate Services,144.9401958,-37.8142881,"(-37.8142881, 144.9401958)"
2018,1108,632510,632510,Docklands,Vacant,0,Vacant Space,144.9445442,-37.82092519,"(-37.82092519, 144.9445442)"
2018,786,602743,110589,Port Melbourne,BBC Digital,3419,Other Specialised Industrial Machinery and Equipment Wholesaling,144.920882,-37.82605979,"(-37.82605979, 144.920882)"
2018,337,111381,111381,North Melbourne,OzWide Group,3232,Electrical Services,144.9425517,-37.80121638,"(-37.80121638, 144.9425517)"
2018,309,106297,106297,North Melbourne,Vics Auto Centre,9419,Other Automotive Repair and Maintenance,144.938538,-37.79561506,"(-37.79561506, 144.938538)"
2018,804,110542,110484,Southbank,Sheridan Factory Outlet,4214,Manchester and Other Textile Goods Retailing,144.9524499,-37.82542999,"(-37.82542999, 144.9524499)"
2018,35,109267,109267,Melbourne (CBD),Athan Wholesalers Pty Ltd,3732,Jewellery and Watch Wholesaling,144.966103,-37.81529012,"(-37.81529012, 144.966103)"
2018,920,104437,104437,Parkville,Melbourne Private Hospital,8401,Hospitals (except Psychiatric Hospitals),144.95562,-37.79863148,"(-37.79863148, 144.95562)"
2018,1109,601815,601815,Docklands,Vacant,0,Vacant Space,144.9401958,-37.8142881,"(-37.8142881, 144.9401958)"
2018,35,103322,103322,Melbourne (CBD),Family Planning Victoria Inc,8790,Other Social Assistance Services,144.9641735,-37.8157323,"(-37.8157323, 144.9641735)"
2018,72,105723,105723,Melbourne (CBD),James Dowsley & Associates,6931,Legal Services,144.9555846,-37.81372812,"(-37.81372812, 144.9555846)"
2018,24,110762,110762,Melbourne (CBD),Spotzer Media Group,7000,Computer System Design and Related Services,144.9638218,-37.81662772,"(-37.81662772, 144.9638218)"
2018,331,100664,100664,North Melbourne,Boon seen Teh-Chung,3800,Commission-Based Wholesaling,144.9473302,-37.80125947,"(-37.80125947, 144.9473302)"
2018,772,110528,110528,Docklands,Protech Personnel (Vic) Pty Ltd,7211,Employment Placement and Recruitment Services,144.9430164,-37.82496717,"(-37.82496717, 144.9430164)"
2018,6,578317,573333,Melbourne (CBD),Best of Souvenirs,4279,Other Store-Based Retailing n.e.c.,144.9705233,-37.81777783,"(-37.81777783, 144.9705233)"
2018,1109,601815,601815,Docklands,Vivified Pty Ltd,1140,Fruit and Vegetable Processing,144.9401958,-37.8142881,"(-37.8142881, 144.9401958)"
2018,48,103623,103623,Melbourne (CBD),Vacant,0,Vacant Space,144.9711074,-37.81240243,"(-37.81240243, 144.9711074)"
2018,25,102084,102084,Melbourne (CBD),The Spectre Collection,4251,Clothing Retailing,144.9653404,-37.81620129,"(-37.81620129, 144.9653404)"
2018,6,110655,110655,Melbourne (CBD),Rentabike,6639,Other Goods and Equipment Rental and Hiring n.e.c.,144.9689588,-37.81867875,"(-37.81867875, 144.9689588)"
2018,82,110107,110107,Melbourne (CBD),Stephen Farmer & Associates,6931,Legal Services,144.9564473,-37.81270778,"(-37.81270778, 144.9564473)"
2018,409,109155,109155,West Melbourne (Residential),Cephalonian Society of Victoria,9559,Other Interest Group Services n.e.c.,144.9425986,-37.80584168,"(-37.80584168, 144.9425986)"
2018,34,110670,110670,Melbourne (CBD),Vacant,0,Vacant Space,144.9628116,-37.81582291,"(-37.81582291, 144.9628116)"
2018,44,101151,101151,Melbourne (CBD),Vacant,0,Vacant Space,144.9614717,-37.81501604,"(-37.81501604, 144.9614717)"
2018,619,111453,103807,East Melbourne,Cook's Cottage,8910,Museum Operation,144.9804598,-37.81296219,"(-37.81296219, 144.9804598)"
2018,65,105698,105698,Melbourne (CBD),The Honourable Judge,4512,Takeaway Food Services,144.9638435,-37.81247035,"(-37.81247035, 144.9638435)"
2018,43,110146,110146,Melbourne (CBD),Australian Securities Limited,6230,Non-Depository Financing,144.9589327,-37.81601088,"(-37.81601088, 144.9589327)"
2018,406,621366,621366,West Melbourne (Residential),Vacant,0,Vacant Space,144.9465813,-37.80643428,"(-37.80643428, 144.9465813)"
2018,270,664629,104468,Parkville,Grainger Museum,8910,Museum Operation,144.9611833,-37.79688289,"(-37.79688289, 144.9611833)"
2018,23,108062,108062,Melbourne (CBD),Cue Design Pty Ltd,1351,Clothing Manufacturing,144.961614,-37.81773827,"(-37.81773827, 144.961614)"
2018,31,105297,105297,Melbourne (CBD),Citic Resources Australia,6240,Financial Asset Investing,144.9559243,-37.81773522,"(-37.81773522, 144.9559243)"
2018,212,102698,102698,Carlton,Vacant,0,Vacant Space,144.9701208,-37.79265062,"(-37.79265062, 144.9701208)"
2018,747,110457,110457,Southbank,Fox Sports,5622,Cable and Other Subscription Broadcasting,144.968718,-37.83003018,"(-37.83003018, 144.968718)"
2018,65,105698,105698,Melbourne (CBD),Rockport,4252,Footwear Retailing,144.9638435,-37.81247035,"(-37.81247035, 144.9638435)"
2018,36,102153,102153,Melbourne (CBD),New Line Structures Pty Ltd,6931,Legal Services,144.9681544,-37.81464243,"(-37.81464243, 144.9681544)"
2018,74,105743,105743,Melbourne (CBD),Uhak Station Pty Ltd,9539,Other Personal Services n.e.c.,144.9617512,-37.81214255,"(-37.81214255, 144.9617512)"
2018,804,110542,110484,Southbank,Coach,4259,Other Personal Accessory Retailing,144.9524499,-37.82542999,"(-37.82542999, 144.9524499)"
2018,85,105746,105746,Melbourne (CBD),Chatime (LwrGnd),4512,Takeaway Food Services,144.9627564,-37.81090175,"(-37.81090175, 144.9627564)"
2018,27,102067,102067,Melbourne (CBD),Gilbert & Tobin Lawyers,6931,Legal Services,144.9708136,-37.81489298,"(-37.81489298, 144.9708136)"
2018,15,103326,103326,Melbourne (CBD),Bellabox,4310,Non-Store Retailing,144.9649355,-37.81718671,"(-37.81718671, 144.9649355)"
2018,51,105303,105303,Melbourne (CBD),Vacant,0,Vacant Space,144.9551743,-37.81589844,"(-37.81589844, 144.9551743)"
2018,37,102157,102157,Melbourne (CBD),Kreab Gavin Anderson (Australia) Ltd,6962,Management Advice and Other Consulting Services,144.9702869,-37.81395614,"(-37.81395614, 144.9702869)"
2018,44,108110,108110,Melbourne (CBD),Hawk Institute,8102,Higher Education,144.9611759,-37.81537944,"(-37.81537944, 144.9611759)"
2018,646,109660,109660,East Melbourne,Palliative Care Victoria,9559,Other Interest Group Services n.e.c.,144.9778943,-37.80895342,"(-37.80895342, 144.9778943)"
2018,104,104084,104084,Melbourne (CBD),Andrews Hamburger,4511,Cafes and Restaurants,144.9595688,-37.80905309,"(-37.80905309, 144.9595688)"
2018,16,104018,104018,Melbourne (CBD),Vacant,0,Vacant Space,144.9685353,-37.81660267,"(-37.81660267, 144.9685353)"
2018,803,111175,110477,Southbank,Gochi,4511,Cafes and Restaurants,144.95865,-37.8231616,"(-37.8231616, 144.95865)"
2018,37,102155,102155,Melbourne (CBD),Citibank,6221,Banking,144.9693468,-37.81400035,"(-37.81400035, 144.9693468)"
2018,55,101193,101193,Melbourne (CBD),Melbourne's GPO,6720,Real Estate Services,144.9632886,-37.81360405,"(-37.81360405, 144.9632886)"
2018,362,103244,103244,North Melbourne,BBQ Brothers 10,4511,Cafes and Restaurants,144.9581233,-37.80460723,"(-37.80460723, 144.9581233)"
2018,781,110551,110551,Port Melbourne,Mercury Group Victoria Inc,6962,Management Advice and Other Consulting Services,144.9253861,-37.82302799,"(-37.82302799, 144.9253861)"
2018,45,101140,101140,Melbourne (CBD),Oxford,4251,Clothing Retailing,144.9652234,-37.81424448,"(-37.81424448, 144.9652234)"
2018,784,110559,110597,Port Melbourne,Harvey Norman Commercial Projects Division,3494,Other Electrical and Electronic Good Wholesaling,144.918804,-37.8222836,"(-37.8222836, 144.918804)"
2018,84,516121,516121,Melbourne (CBD),Rapha Australia,4251,Clothing Retailing,144.9597735,-37.81126179,"(-37.81126179, 144.9597735)"
2018,1105,636574,636574,Docklands,Tabcorp,7720,Regulatory Services,144.9504357,-37.82110552,"(-37.82110552, 144.9504357)"
2018,17,104027,104027,Melbourne (CBD),Aconex Limited,7000,Computer System Design and Related Services,144.9713705,-37.81594021,"(-37.81594021, 144.9713705)"
2018,261,103278,103278,Carlton,Passion Dance Studio,8212,Arts Education,144.9591317,-37.80441641,"(-37.80441641, 144.9591317)"
2018,207,106142,106142,Carlton,Vacant,0,Vacant Space,144.9670417,-37.79838238,"(-37.79838238, 144.9670417)"
2018,868,107804,107804,South Yarra,South Yarra Presbyterian Church,9540,Religious Services,144.9854892,-37.8405653,"(-37.8405653, 144.9854892)"
2018,801,110327,110327,Southbank,Home Living Estates,6720,Real Estate Services,144.9638277,-37.82082584,"(-37.82082584, 144.9638277)"
2018,34,102137,102137,Melbourne (CBD),National Australia Bank Limited,6221,Banking,144.9633978,-37.81610875,"(-37.81610875, 144.9633978)"
2018,85,105746,105746,Melbourne (CBD),Madison Accessories,4259,Other Personal Accessory Retailing,144.9627564,-37.81090175,"(-37.81090175, 144.9627564)"
2018,760,108644,108644,Melbourne (Remainder),AIA Australia Limited,6310,Life Insurance,144.9793632,-37.84410442,"(-37.84410442, 144.9793632)"
2018,31,102110,102110,Melbourne (CBD),J&l Mobile Phones & Accessories,4221,"Electrical, Electronic and Gas Appliance Retailing",144.9549437,-37.81850409,"(-37.81850409, 144.9549437)"
2018,34,102137,102137,Melbourne (CBD),Novus Capital Limited,6419,Other Auxiliary Finance and Investment Services,144.9633978,-37.81610875,"(-37.81610875, 144.9633978)"
2018,440,105334,105334,West Melbourne (Residential),Vacant,0,Vacant Space,144.9516426,-37.80879872,"(-37.80879872, 144.9516426)"
2018,35,102141,102141,Melbourne (CBD),Australia China Connnections,6962,Management Advice and Other Consulting Services,144.9643732,-37.8155277,"(-37.8155277, 144.9643732)"
2018,1101,110843,110843,Docklands,Warwick Jones,4255,Women's Clothing Retailing,144.9505641,-37.81448171,"(-37.81448171, 144.9505641)"
2018,503,636737,109449,Kensington,Vix,7000,Computer System Design and Related Services,144.9300792,-37.79960343,"(-37.79960343, 144.9300792)"
2018,23,102100,102100,Melbourne (CBD),042Flowers,4274,Flower Retailing,144.9598761,-37.81797762,"(-37.81797762, 144.9598761)"
2018,28,102057,102057,Melbourne (CBD),Weir Minerals Australia,3419,Other Specialised Industrial Machinery and Equipment Wholesaling,144.9737195,-37.81372276,"(-37.81372276, 144.9737195)"
2018,74,105735,105735,Melbourne (CBD),Parker Design Services Pty Ltd,6921,Architectural Services,144.9601295,-37.81264236,"(-37.81264236, 144.9601295)"
2018,414,105095,105095,West Melbourne (Residential),Unity Bank Limited,6223,Credit Union Operation,144.9447907,-37.80708834,"(-37.80708834, 144.9447907)"
2018,34,110670,110670,Melbourne (CBD),Landnest Real Estate Pty Ltd,6720,Real Estate Services,144.9628116,-37.81582291,"(-37.81582291, 144.9628116)"
2018,85,105746,105746,Melbourne (CBD),Vacant,0,Vacant Space,144.9627564,-37.81090175,"(-37.81090175, 144.9627564)"
2018,1105,640970,640970,Docklands,ENA Greek Street Food,4512,Takeaway Food Services,144.9498537,-37.8213316,"(-37.8213316, 144.9498537)"
2018,1108,609480,609480,Docklands,Brown Gouge Dry Cleaning,9531,Laundry and Dry-Cleaning Services,144.9434599,-37.82044558,"(-37.82044558, 144.9434599)"
2018,54,101184,101184,Melbourne (CBD),Peter Jackson Menswear,4254,Men's Clothing Retailing,144.9613508,-37.81453327,"(-37.81453327, 144.9613508)"
2018,753,110606,110380,Southbank,Vacant,0,Vacant Space,144.9663043,-37.82071819,"(-37.82071819, 144.9663043)"
2018,53,101182,101182,Melbourne (CBD),Davidson Trahaire Corpsych Pty Limited,6962,Management Advice and Other Consulting Services,144.9599619,-37.81483411,"(-37.81483411, 144.9599619)"
2018,18,104033,104033,Melbourne (CBD),Felt Restaurant,4511,Cafes and Restaurants,144.9735897,-37.81528646,"(-37.81528646, 144.9735897)"
2018,72,105376,105376,Melbourne (CBD),Brady Constructions,3211,Land Development and Subdivision,144.9549297,-37.81372382,"(-37.81372382, 144.9549297)"
2018,612,107648,107648,East Melbourne,Isignthis,5922,Electronic Information Storage Services,144.9865806,-37.80991953,"(-37.80991953, 144.9865806)"
2018,1108,667599,667599,Docklands,Vacant,0,Vacant Space,144.9427153,-37.82140737,"(-37.82140737, 144.9427153)"
2018,444,598605,598605,West Melbourne (Residential),Vacant,0,Vacant Space,144.9503312,-37.81194004,"(-37.81194004, 144.9503312)"
2018,61,642253,105718,Melbourne (CBD),Vacant,0,Vacant Space,144.953522,-37.81541879,"(-37.81541879, 144.953522)"
2018,74,104664,104664,Melbourne (CBD),Balmer And Associates Pty Ltd,6931,Legal Services,144.9607031,-37.81194748,"(-37.81194748, 144.9607031)"
2018,772,110528,110528,Docklands,Vacant,0,Vacant Space,144.9430164,-37.82496717,"(-37.82496717, 144.9430164)"
2018,33,110667,110666,Melbourne (CBD),Treasury on Collins,4400,Accommodation,144.9609953,-37.81661308,"(-37.81661308, 144.9609953)"
2018,37,102155,102155,Melbourne (CBD),Crestone,6419,Other Auxiliary Finance and Investment Services,144.9693468,-37.81400035,"(-37.81400035, 144.9693468)"
2018,260,103274,103274,Carlton,Living Interiors,4211,Furniture Retailing,144.9588235,-37.80349461,"(-37.80349461, 144.9588235)"
2018,85,103311,103311,Melbourne (CBD),Incollaboration Projects Pty Ltd,6962,Management Advice and Other Consulting Services,144.9620685,-37.81087815,"(-37.81087815, 144.9620685)"
2018,15,109263,109263,Melbourne (CBD),Hidden Secrets Tours,7220,Travel Agency and Tour Arrangement Services,144.966704,-37.81674246,"(-37.81674246, 144.966704)"
2018,1012,100555,100555,North Melbourne,Freyssinet Australia,6923,Engineering Design and Engineering Consulting Services,144.9399009,-37.80029668,"(-37.80029668, 144.9399009)"
2018,2540,617955,617955,Kensington,IEmpower-Youth Pty Ltd,8790,Other Social Assistance Services,144.935696,-37.79223084,"(-37.79223084, 144.935696)"
2018,2383,616843,616843,North Melbourne,Vacant,0,Vacant Space,144.9383749,-37.78981918,"(-37.78981918, 144.9383749)"
2018,28,102061,102060,Melbourne (CBD),AMP Capital Investors,6712,Non-Residential Property Operators,144.9726256,-37.81430518,"(-37.81430518, 144.9726256)"
2018,265,109385,109385,Carlton,Brookfield Multiplex,3019,Other Residential Building Construction,144.9633055,-37.80613136,"(-37.80613136, 144.9633055)"
2018,803,111175,110477,Southbank,Prada,4259,Other Personal Accessory Retailing,144.95865,-37.8231616,"(-37.8231616, 144.95865)"
2018,24,102091,102091,Melbourne (CBD),Meridian Lawyers,6931,Legal Services,144.9627911,-37.81719909,"(-37.81719909, 144.9627911)"
2018,93,105477,105477,Melbourne (CBD),Charles LaTrobe Coffee Co,4511,Cafes and Restaurants,144.9580507,-37.81068966,"(-37.81068966, 144.9580507)"
2018,26,109418,109418,Melbourne (CBD),Vacant,0,Vacant Space,144.9674252,-37.81583755,"(-37.81583755, 144.9674252)"
2018,33,108067,108067,Melbourne (CBD),Lindsay Isles & Co,6932,Accounting Services,144.9608594,-37.8161549,"(-37.8161549, 144.9608594)"
2018,12,110091,110091,Melbourne (CBD),Aegis Services Australia,7294,Call Centre Operation,144.9591981,-37.81927275,"(-37.81927275, 144.9591981)"
2018,47,108589,108589,Melbourne (CBD),T S Book Shop,4244,Newspaper and Book Retailing,144.9686605,-37.8133077,"(-37.8133077, 144.9686605)"
2018,35,102141,102141,Melbourne (CBD),Vacant,0,Vacant Space,144.9643732,-37.8155277,"(-37.8155277, 144.9643732)"
2018,15,103941,103941,Melbourne (CBD),Charles Bonnett Syndrome Foundation,9559,Other Interest Group Services n.e.c.,144.9661705,-37.81699359,"(-37.81699359, 144.9661705)"
2018,760,108645,108645,Melbourne (Remainder),Nexus Psychology,8512,Specialist Medical Services,144.9792708,-37.84459258,"(-37.84459258, 144.9792708)"
2018,42,105390,105390,Melbourne (CBD),Toshiba,1612,Printing Support Services,144.9561818,-37.81652803,"(-37.81652803, 144.9561818)"
2018,48,103625,103625,Melbourne (CBD),Finsbury Green Pty Ltd,1611,Printing,144.9712459,-37.81268556,"(-37.81268556, 144.9712459)"
2018,207,106147,106147,Carlton,Readings Kids,4255,Women's Clothing Retailing,144.9671338,-37.79791947,"(-37.79791947, 144.9671338)"
2018,25,102086,102086,Melbourne (CBD),Lindt Chocolat Cafe,4511,Cafes and Restaurants,144.9649735,-37.81659188,"(-37.81659188, 144.9649735)"
2018,115,624495,624495,Melbourne (CBD),Melcorp Property,6720,Real Estate Services,144.9610325,-37.80709645,"(-37.80709645, 144.9610325)"
2018,1109,601809,593728,Docklands,Dahua Technology Australia,7000,Computer System Design and Related Services,144.939206,-37.81524407,"(-37.81524407, 144.939206)"
2018,403,109755,109755,West Melbourne (Residential),Vacant,0,Vacant Space,144.9436223,-37.80482809,"(-37.80482809, 144.9436223)"
2018,26,102075,102075,Melbourne (CBD),Vacant,0,Vacant Space,144.9680284,-37.81533971,"(-37.81533971, 144.9680284)"
2018,858,107815,107815,South Yarra,Ozihouse,4400,Accommodation,144.9862859,-37.83781618,"(-37.83781618, 144.9862859)"
2018,231,109056,109056,Carlton,Co As It Tomaso Fiaschi Child Care Centre,8710,Child Care Services,144.9737282,-37.79606334,"(-37.79606334, 144.9737282)"
2018,74,104661,104661,Melbourne (CBD),Archibald Hair Salon,9511,Hairdressing and Beauty Services,144.9603937,-37.81210709,"(-37.81210709, 144.9603937)"
2018,920,104437,104437,Parkville,Dr.Tony Speer,8512,Specialist Medical Services,144.95562,-37.79863148,"(-37.79863148, 144.95562)"
2018,43,105954,105954,Melbourne (CBD),Vacant,0,Vacant Space,144.9603263,-37.81590777,"(-37.81590777, 144.9603263)"
2018,37,102157,102157,Melbourne (CBD),Newgate Communications,6962,Management Advice and Other Consulting Services,144.9702869,-37.81395614,"(-37.81395614, 144.9702869)"
2018,35,105928,105928,Melbourne (CBD),Cafe Segovia,4511,Cafes and Restaurants,144.9642254,-37.81528946,"(-37.81528946, 144.9642254)"
2018,1007,102187,102187,West Melbourne (Industrial),Vacant,0,Vacant Space,144.922348,-37.81121054,"(-37.81121054, 144.922348)"
2018,23,102095,102095,Melbourne (CBD),Melbourne Opera,9003,Performing Arts Venue Operation,144.9612111,-37.81741058,"(-37.81741058, 144.9612111)"
2018,1109,601815,601815,Docklands,Vacant,0,Vacant Space,144.9401958,-37.8142881,"(-37.8142881, 144.9401958)"
2018,251,107539,107539,Carlton,Gschwenter Holdings Pty Ltd,9559,Other Interest Group Services n.e.c.,144.9686292,-37.80357383,"(-37.80357383, 144.9686292)"
2018,730,603599,603599,Southbank,Vacant,0,Vacant Space,144.9569789,-37.82816747,"(-37.82816747, 144.9569789)"
2018,340,102788,102788,North Melbourne,Vacant,0,Vacant Space,144.942933,-37.80427854,"(-37.80427854, 144.942933)"
2018,45,101144,101144,Melbourne (CBD),Cambridge Clothing,4254,Men's Clothing Retailing,144.9639641,-37.81457615,"(-37.81457615, 144.9639641)"
2018,270,664677,104468,Parkville,The University of Melbourne,8102,Higher Education,144.9611833,-37.79688289,"(-37.79688289, 144.9611833)"
2018,375,101093,101093,North Melbourne,Clare Cousins,6921,Architectural Services,144.9554762,-37.80149699,"(-37.80149699, 144.9554762)"
2018,55,109284,109284,Melbourne (CBD),Soul Cafe,4511,Cafes and Restaurants,144.9650002,-37.8130993,"(-37.8130993, 144.9650002)"
2018,32,102115,102115,Melbourne (CBD),Mawson Group,6962,Management Advice and Other Consulting Services,144.9568113,-37.81768553,"(-37.81768553, 144.9568113)"
2018,753,110606,110380,Southbank,Metropolis Events,7299,Other Administrative Services n.e.c.,144.9663043,-37.82071819,"(-37.82071819, 144.9663043)"
2018,56,109398,109398,Melbourne (CBD),Vacant,0,Vacant Space,144.9655015,-37.81254798,"(-37.81254798, 144.9655015)"
2018,22,102104,102104,Melbourne (CBD),ICAP Australia Pty Ltd,6419,Other Auxiliary Finance and Investment Services,144.9574703,-37.81868413,"(-37.81868413, 144.9574703)"
2018,931,103908,103908,Parkville,Green Bamboo Massage,9511,Hairdressing and Beauty Services,144.9495226,-37.7938185,"(-37.7938185, 144.9495226)"
2018,65,105698,105698,Melbourne (CBD),Zimmermann,4255,Women's Clothing Retailing,144.9638435,-37.81247035,"(-37.81247035, 144.9638435)"
2018,82,105459,105459,Melbourne (CBD),Frescatis Fine Foods,4511,Cafes and Restaurants,144.9552954,-37.81252354,"(-37.81252354, 144.9552954)"
2018,931,110273,110273,Parkville,Lakeside Bistro And Function Centre,4511,Cafes and Restaurants,144.9519423,-37.78462231,"(-37.78462231, 144.9519423)"
2018,24,102089,102089,Melbourne (CBD),Vacant,0,Vacant Space,144.9632686,-37.81705701,"(-37.81705701, 144.9632686)"
2018,2384,617678,617678,North Melbourne,Vacant,0,Vacant Space,144.9407371,-37.78971908,"(-37.78971908, 144.9407371)"
2018,12,110091,110091,Melbourne (CBD),Vacant,0,Vacant Space,144.9591981,-37.81927275,"(-37.81927275, 144.9591981)"
2018,21,102106,102106,Melbourne (CBD),Metro,5299,Other Transport Support Services n.e.c.,144.9552089,-37.81937021,"(-37.81937021, 144.9552089)"
2018,65,105698,105698,Melbourne (CBD),Tetsujin,4511,Cafes and Restaurants,144.9638435,-37.81247035,"(-37.81247035, 144.9638435)"
2018,35,109267,109267,Melbourne (CBD),Vacant,0,Vacant Space,144.966103,-37.81529012,"(-37.81529012, 144.966103)"
2018,426,105346,105346,West Melbourne (Residential),Vacant,0,Vacant Space,144.950091,-37.8069181,"(-37.8069181, 144.950091)"
2018,38,102174,102174,Melbourne (CBD),Collins Street Dental,8531,Dental Services,144.9735471,-37.81305254,"(-37.81305254, 144.9735471)"
2018,36,102148,102148,Melbourne (CBD),Ticketek Outlet,7299,Other Administrative Services n.e.c.,144.9672766,-37.81485638,"(-37.81485638, 144.9672766)"
2018,84,106038,106038,Melbourne (CBD),Beauty L,9511,Hairdressing and Beauty Services,144.9600558,-37.81164793,"(-37.81164793, 144.9600558)"
2018,35,102146,102146,Melbourne (CBD),Alterations Now,9491,Clothing and Footwear Repair,144.9656523,-37.81542132,"(-37.81542132, 144.9656523)"
2018,52,101172,101172,Melbourne (CBD),Mad Mex 600 Bourke,4512,Takeaway Food Services,144.9561387,-37.81569888,"(-37.81569888, 144.9561387)"
2018,215,103146,103146,Carlton,Black Tie Classic,4251,Clothing Retailing,144.9700206,-37.79719302,"(-37.79719302, 144.9700206)"
2018,48,103625,103625,Melbourne (CBD),Ainos Education Centre,8101,Technical and Vocational Education and Training,144.9712459,-37.81268556,"(-37.81268556, 144.9712459)"
2018,357,105037,105037,North Melbourne,Slab,6921,Architectural Services,144.9543094,-37.80471875,"(-37.80471875, 144.9543094)"
2018,43,110147,110147,Melbourne (CBD),ING Direct,6221,Banking,144.9589221,-37.81630666,"(-37.81630666, 144.9589221)"
2018,345,103414,103414,North Melbourne,Wood Pharmacy,4271,"Pharmaceutical, Cosmetic and Toiletry Goods Retailing",144.9492152,-37.80354965,"(-37.80354965, 144.9492152)"
2018,14,104003,104003,Melbourne (CBD),AZN Investment,9539,Other Personal Services n.e.c.,144.9627099,-37.81858764,"(-37.81858764, 144.9627099)"
2018,53,108072,108072,Melbourne (CBD),KDM Titles Searches,6931,Legal Services,144.9602242,-37.81467981,"(-37.81467981, 144.9602242)"
2018,11,103957,103957,Melbourne (CBD),Excelon,6720,Real Estate Services,144.9566569,-37.81987545,"(-37.81987545, 144.9566569)"
2018,42,105950,105950,Melbourne (CBD),Anest-Town International Pty Ltd,6720,Real Estate Services,144.9570948,-37.81687975,"(-37.81687975, 144.9570948)"
2018,131,103978,111287,Docklands,Vacant,0,Vacant Space,144.9535427,-37.82258101,"(-37.82258101, 144.9535427)"
2018,56,108538,108538,Melbourne (CBD),Shanghai Street Xiaolong Bao & Dumplings,4511,Cafes and Restaurants,144.9676462,-37.81246628,"(-37.81246628, 144.9676462)"
2018,15,109263,109263,Melbourne (CBD),B. & V.O. Trickey,2591,Jewellery and Silverware Manufacturing,144.966704,-37.81674246,"(-37.81674246, 144.966704)"
2018,438,578027,578027,West Melbourne (Residential),Vacant,0,Vacant Space,144.9521936,-37.80809554,"(-37.80809554, 144.9521936)"
2018,15,103328,103328,Melbourne (CBD),Metro Baguette,4512,Takeaway Food Services,144.9650858,-37.81764679,"(-37.81764679, 144.9650858)"
2018,56,101208,101208,Melbourne (CBD),Vacant,0,Vacant Space,144.9677865,-37.812647,"(-37.812647, 144.9677865)"
2018,612,109622,109622,East Melbourne,East Melbourne Orthopaedic Clinic,8512,Specialist Medical Services,144.9885662,-37.81000387,"(-37.81000387, 144.9885662)"
2018,746,110439,110437,Southbank,Vacant,0,Vacant Space,144.966274,-37.83069486,"(-37.83069486, 144.966274)"
2018,38,105910,105910,Melbourne (CBD),Sheraton Melbourne Hotel,4400,Accommodation,144.9727054,-37.8129059,"(-37.8129059, 144.9727054)"
2018,929,110950,110950,Parkville,Poplars,4511,Cafes and Restaurants,144.9474739,-37.77802791,"(-37.77802791, 144.9474739)"
2018,1109,601810,593728,Docklands,Waterfront Convenience Store,4111,Convenience Store,144.939206,-37.81524407,"(-37.81524407, 144.939206)"
2018,369,103505,103505,North Melbourne,Strang Systems,5299,Other Transport Support Services n.e.c.,144.9499871,-37.80269901,"(-37.80269901, 144.9499871)"
2018,804,110988,110988,Southbank,Plus 5,4520,"Pubs, Taverns and Bars",144.9504151,-37.82411174,"(-37.82411174, 144.9504151)"
2018,54,108104,108104,Melbourne (CBD),Australia Visa Link,9539,Other Personal Services n.e.c.,144.9606803,-37.81402804,"(-37.81402804, 144.9606803)"
2018,51,101171,101171,Melbourne (CBD),Mckay Law,6931,Legal Services,144.9553253,-37.81622899,"(-37.81622899, 144.9553253)"
2018,1101,108973,108973,Docklands,Vacant,0,Vacant Space,144.9522269,-37.81761044,"(-37.81761044, 144.9522269)"
2018,509,103334,103334,Kensington,Transit Dance Studios,9001,Performing Arts Operation,144.9321178,-37.79676703,"(-37.79676703, 144.9321178)"
2018,218,102675,102675,Carlton,Clix4u,6940,Advertising Services,144.9678646,-37.79982399,"(-37.79982399, 144.9678646)"
2018,64,105869,105869,Melbourne (CBD),Thinkerbell Pty Ltd,6924,Other Specialised Design Services,144.9610732,-37.81359817,"(-37.81359817, 144.9610732)"
2018,34,105929,105929,Melbourne (CBD),ICG Groups Pty Ltd,9539,Other Personal Services n.e.c.,144.9633005,-37.81556658,"(-37.81556658, 144.9633005)"
2018,42,101156,101155,Melbourne (CBD),Flight Centre,7220,Travel Agency and Tour Arrangement Services,144.9578145,-37.81636535,"(-37.81636535, 144.9578145)"
2018,76,589841,105749,Melbourne (CBD),Yimu Hair Salon,9511,Hairdressing and Beauty Services,144.9657001,-37.81067862,"(-37.81067862, 144.9657001)"
2018,790,597227,597227,Port Melbourne,SPH Transport,5299,Other Transport Support Services n.e.c.,144.9099038,-37.82485375,"(-37.82485375, 144.9099038)"
2018,22,102104,102104,Melbourne (CBD),Energy Australia,2640,On Selling Electricity and Electricity Market Operation,144.9574703,-37.81868413,"(-37.81868413, 144.9574703)"
2018,1105,609487,609487,Docklands,11 Inch Pizzeria Docklands,4511,Cafes and Restaurants,144.9490689,-37.81907939,"(-37.81907939, 144.9490689)"
2018,42,105950,105950,Melbourne (CBD),Australian Prestige Conveyancing,6931,Legal Services,144.9570948,-37.81687975,"(-37.81687975, 144.9570948)"
2018,347,100464,100464,North Melbourne,Golden Dragon,1162,"Cereal, Pasta and Baking Mix Manufacturing",144.9492818,-37.80117211,"(-37.80117211, 144.9492818)"
2018,804,110542,110484,Southbank,Sass & Bide,4255,Women's Clothing Retailing,144.9524499,-37.82542999,"(-37.82542999, 144.9524499)"
2018,88,110858,108992,Melbourne (CBD),Aldo Terlato Coulture,4255,Women's Clothing Retailing,144.9710236,-37.80816447,"(-37.80816447, 144.9710236)"
2018,1110,620307,593737,Docklands,Vacant,0,Vacant Space,144.9378512,-37.81316939,"(-37.81316939, 144.9378512)"
2018,270,664629,104468,Parkville,Vacant,0,Vacant Space,144.9611833,-37.79688289,"(-37.79688289, 144.9611833)"
2018,48,103623,103623,Melbourne (CBD),Absolute MMA & Conditioning,9111,Health and Fitness Centres and Gymnasia Operation,144.9711074,-37.81240243,"(-37.81240243, 144.9711074)"
2018,25,102079,102079,Melbourne (CBD),Australia Gem Testing Laboratory,6999,"Other Professional, Scientific and Technical Services n.e.c.",144.9663301,-37.81584039,"(-37.81584039, 144.9663301)"
2018,33,105933,105933,Melbourne (CBD),The Irish Times,4520,"Pubs, Taverns and Bars",144.9605355,-37.81625453,"(-37.81625453, 144.9605355)"
2018,861,107379,107379,South Yarra,Vacant,0,Vacant Space,144.9820132,-37.83522476,"(-37.83522476, 144.9820132)"
2018,34,105929,105929,Melbourne (CBD),Capitol Jewellery,2591,Jewellery and Silverware Manufacturing,144.9633005,-37.81556658,"(-37.81556658, 144.9633005)"
2018,644,109668,109668,East Melbourne,Dr Robert Y Chen,8512,Specialist Medical Services,144.9748885,-37.80863332,"(-37.80863332, 144.9748885)"
2018,65,105875,105875,Melbourne (CBD),Legends Boutique,4279,Other Store-Based Retailing n.e.c.,144.9631275,-37.81292516,"(-37.81292516, 144.9631275)"
2018,56,101204,101204,Melbourne (CBD),Power Phone,5809,Other Telecommunications Services,144.9672613,-37.81244193,"(-37.81244193, 144.9672613)"
2018,84,650594,106044,Melbourne (CBD),Honey Mi,9511,Hairdressing and Beauty Services,144.9609379,-37.81128711,"(-37.81128711, 144.9609379)"
2018,2538,616153,616153,Kensington,Au Carpet,6639,Other Goods and Equipment Rental and Hiring n.e.c.,144.9351203,-37.79082979,"(-37.79082979, 144.9351203)"
2018,32,102119,102119,Melbourne (CBD),HL Conveyancing Services,6923,Engineering Design and Engineering Consulting Services,144.9583335,-37.81753764,"(-37.81753764, 144.9583335)"
2018,2384,617700,617700,North Melbourne,Ascot Group Building,3020,Non-Residential Building Construction,144.9419298,-37.78996801,"(-37.78996801, 144.9419298)"
2018,781,110551,110551,Port Melbourne,5 Star Recruitment,7211,Employment Placement and Recruitment Services,144.9253861,-37.82302799,"(-37.82302799, 144.9253861)"
2018,15,109263,109263,Melbourne (CBD),Vacant,0,Vacant Space,144.966704,-37.81674246,"(-37.81674246, 144.966704)"
2018,26,102074,102074,Melbourne (CBD),Craft,4279,Other Store-Based Retailing n.e.c.,144.9683128,-37.81559301,"(-37.81559301, 144.9683128)"
2018,23,102097,102097,Melbourne (CBD),Australian-Family Lawyers,6931,Legal Services,144.9610104,-37.81749466,"(-37.81749466, 144.9610104)"
2018,85,105746,105746,Melbourne (CBD),Hairhouse Warehouse,4271,"Pharmaceutical, Cosmetic and Toiletry Goods Retailing",144.9627564,-37.81090175,"(-37.81090175, 144.9627564)"
2018,14,104003,104003,Melbourne (CBD),Australasian College Of Behavioural Optometrist,9551,Business and Professional Association Services,144.9627099,-37.81858764,"(-37.81858764, 144.9627099)"
2018,44,108111,108111,Melbourne (CBD),Dr Nicole Milburn,8539,Other Allied Health Services,144.9612981,-37.81565407,"(-37.81565407, 144.9612981)"
2018,435,107478,107478,West Melbourne (Residential),Vacant,0,Vacant Space,144.9554611,-37.80700567,"(-37.80700567, 144.9554611)"
2018,242,101258,101258,Carlton,KEO Group Australia,6923,Engineering Design and Engineering Consulting Services,144.9621633,-37.80063681,"(-37.80063681, 144.9621633)"
2018,43,101152,101152,Melbourne (CBD),Vic Forests,510,Forestry Support Services,144.9601729,-37.81547974,"(-37.81547974, 144.9601729)"
2018,115,103296,103296,Melbourne (CBD),Education Access (Australia) Pty Ltd,8220,Educational Support Services,144.9604767,-37.80751626,"(-37.80751626, 144.9604767)"
2018,772,110528,110528,Docklands,Vacant,0,Vacant Space,144.9430164,-37.82496717,"(-37.82496717, 144.9430164)"
2018,804,110542,110484,Southbank,Jacqui E,4255,Women's Clothing Retailing,144.9524499,-37.82542999,"(-37.82542999, 144.9524499)"
2018,35,109267,109267,Melbourne (CBD),Hikari Pearls & Fine Jewellery,3732,Jewellery and Watch Wholesaling,144.966103,-37.81529012,"(-37.81529012, 144.966103)"
2018,356,101952,101952,North Melbourne,Leo's Way Auto Repairs,9419,Other Automotive Repair and Maintenance,144.9527175,-37.80413205,"(-37.80413205, 144.9527175)"
2018,207,106153,106153,Carlton,Wolfs Lair,4520,"Pubs, Taverns and Bars",144.9671762,-37.79751106,"(-37.79751106, 144.9671762)"
2018,1108,573414,573414,Docklands,Vic Harbour Grocery,4110,Supermarket and Grocery Stores,144.9451066,-37.81885105,"(-37.81885105, 144.9451066)"
2018,47,625840,103597,Melbourne (CBD),Healthy Habits Cafe,4511,Cafes and Restaurants,144.9701103,-37.81281419,"(-37.81281419, 144.9701103)"
2018,76,589841,105749,Melbourne (CBD),Vacant,0,Vacant Space,144.9657001,-37.81067862,"(-37.81067862, 144.9657001)"
2018,606,104834,104834,East Melbourne,Vacant,0,Vacant Space,144.9898385,-37.81645185,"(-37.81645185, 144.9898385)"
2018,68,103620,103620,Melbourne (CBD),I Bean Cafe,4512,Takeaway Food Services,144.9704817,-37.8105002,"(-37.8105002, 144.9704817)"
2018,74,104664,104664,Melbourne (CBD),Erbas Nominees Pty Ltd,6923,Engineering Design and Engineering Consulting Services,144.9607031,-37.81194748,"(-37.81194748, 144.9607031)"
2018,356,109818,109818,North Melbourne,Victoria Body Works,9412,"Automotive Body, Paint and Interior Repair",144.9532572,-37.80532568,"(-37.80532568, 144.9532572)"
2018,790,593753,593753,Port Melbourne,Hype Workshop,1492,Wooden Structural Fitting and Component Manufacturing,144.908423,-37.82519497,"(-37.82519497, 144.908423)"
2018,802,110382,110382,Southbank,Ostar International Media,6940,Advertising Services,144.9624041,-37.82337772,"(-37.82337772, 144.9624041)"
2018,1108,622439,622439,Docklands,Vacant,0,Vacant Space,144.9450194,-37.82100718,"(-37.82100718, 144.9450194)"
2018,354,105608,105608,North Melbourne,J Pringle Automotive,9411,Automotive Electrical Services,144.9505745,-37.80419099,"(-37.80419099, 144.9505745)"
2018,616,104980,104980,East Melbourne,The Johnston Collection,8910,Museum Operation,144.9851024,-37.81382188,"(-37.81382188, 144.9851024)"
2018,790,589462,589462,Port Melbourne,Biotech Engineering,6923,Engineering Design and Engineering Consulting Services,144.9063361,-37.82797662,"(-37.82797662, 144.9063361)"
2018,1105,628712,628712,Docklands,Nashi,4512,Takeaway Food Services,144.9500818,-37.82070279,"(-37.82070279, 144.9500818)"